{"cameraMode":{"drawMode":0,"name":"Shaded","section":"Shading Mode"},"sceneLighting":true,"audioPlay":false,"sceneViewState":{"m_AlwaysRefresh":false,"showFog":true,"showSkybox":true,"showFlares":true,"showImageEffects":true,"showParticleSystems":true,"showVisualEffectGraphs":true,"m_FxEnabled":true},"in2DMode":false,"pivot":{"x":-2.712775707244873,"y":3.8097710609436037,"z":-8.519217491149903},"rotation":{"x":0.6789968609809876,"y":-0.0011012280592694879,"z":0.001018490525893867,"w":0.734137237071991},"size":35.270347595214847,"orthographic":true}